id_assessment,id_student,date_submitted,score,code_module,code_presentation
1758,569505,19,85,AAA,2014J
1758,570317,19,79,AAA,2014J
1758,574505,19,43,AAA,2014J
1758,588477,19,88,AAA,2014J
1758,593846,17,67,AAA,2014J
1758,593987,17,74,AAA,2014J
1758,596288,18,85,AAA,2014J
1758,603834,19,64,AAA,2014J
1758,603861,-1,61,AAA,2014J
1758,623840,19,80,AAA,2014J
1758,626240,26,63,AAA,2014J
1758,628088,25,80,AAA,2014J
1758,630142,19,88,AAA,2014J
1758,637665,19,68,AAA,2014J
1758,639053,16,60,AAA,2014J
1758,642878,19,52,AAA,2014J
1758,648130,17,53,AAA,2014J
1758,676546,19,77,AAA,2014J
1758,677186,17,43,AAA,2014J
1758,684180,19,50,AAA,2014J
1758,687698,19,41,AAA,2014J
1758,696073,17,63,AAA,2014J
1758,696578,19,85,AAA,2014J
1758,721259,19,65,AAA,2014J
1758,852847,15,42,AAA,2014J
1758,998493,13,75,AAA,2014J
1758,1045203,19,79,AAA,2014J
1758,1112555,19,64,AAA,2014J
1758,1183831,25,76,AAA,2014J
1758,1268696,18,55,AAA,2014J
1758,1352868,19,82,AAA,2014J
1758,1398979,19,76,AAA,2014J
1758,1456619,26,63,AAA,2014J
1758,1471214,19,70,AAA,2014J
1758,1472925,18,58,AAA,2014J
1758,1484804,29,64,AAA,2014J
1758,1511033,16,73,AAA,2014J
1758,1576513,19,87,AAA,2014J
1758,1609002,23,74,AAA,2014J
1758,1629771,17,82,AAA,2014J
1758,1686551,19,80,AAA,2014J
1758,1689639,18,63,AAA,2014J
1758,1715896,19,72,AAA,2014J
1758,1721270,22,73,AAA,2014J
1758,1757766,18,70,AAA,2014J
1758,1773377,17,76,AAA,2014J
1758,1799111,18,76,AAA,2014J
1758,1818673,19,86,AAA,2014J
1758,1839386,26,40,AAA,2014J
1758,1926668,18,66,AAA,2014J
1758,1947156,17,68,AAA,2014J
1758,1967783,16,70,AAA,2014J
1758,1970390,-1,78,AAA,2014J
1758,1975209,18,58,AAA,2014J
1758,2010232,19,90,AAA,2014J
1758,2045084,39,72,AAA,2014J
1758,2057803,16,78,AAA,2014J
1758,2073016,-1,60,AAA,2014J
1758,2085209,26,83,AAA,2014J
1758,2086400,18,66,AAA,2014J
1758,2139353,-1,65,AAA,2014J
1758,2148681,20,73,AAA,2014J
1758,2158048,27,86,AAA,2014J
1758,2158196,19,60,AAA,2014J
1758,2165164,18,70,AAA,2014J
1758,2168833,19,24,AAA,2014J
1758,2207874,19,66,AAA,2014J
1758,2240349,17,75,AAA,2014J
1758,2244332,19,83,AAA,2014J
1758,2273119,25,50,AAA,2014J
1758,2277857,14,73,AAA,2014J
1758,2297896,18,60,AAA,2014J
1758,2318055,19,75,AAA,2014J
1758,2330254,5,60,AAA,2014J
1758,2355470,15,60,AAA,2014J
1758,2358969,-1,68,AAA,2014J
1758,2363863,33,85,AAA,2014J
1758,2369415,18,75,AAA,2014J
1758,2375975,18,73,AAA,2014J
1758,2397661,19,45,AAA,2014J
1758,2398313,18,72,AAA,2014J
1758,2404408,18,68,AAA,2014J
1758,2425993,23,68,AAA,2014J
1758,2432796,19,63,AAA,2014J
1758,2434159,23,65,AAA,2014J
1758,2467267,19,75,AAA,2014J
1758,2473538,19,59,AAA,2014J
1758,2474849,19,35,AAA,2014J
1758,2494700,18,83,AAA,2014J
1758,2500258,29,62,AAA,2014J
1758,2507842,18,79,AAA,2014J
1758,2509639,18,63,AAA,2014J
1758,2514368,24,87,AAA,2014J
1758,2514898,28,71,AAA,2014J
1758,2521865,24,69,AAA,2014J
1758,2522927,16,82,AAA,2014J
1758,2540168,36,44,AAA,2014J
1758,2546445,19,73,AAA,2014J
1758,2551797,15,64,AAA,2014J
1758,2551932,31,60,AAA,2014J
1758,2569324,29,66,AAA,2014J
1758,2574990,19,58,AAA,2014J
1758,2576122,-1,64,AAA,2014J
1758,2578676,24,61,AAA,2014J
1758,2581477,24,56,AAA,2014J
1758,2584873,19,73,AAA,2014J
1758,2595841,19,67,AAA,2014J
1758,2596621,18,69,AAA,2014J
1758,2601889,19,88,AAA,2014J
1758,2602338,30,72,AAA,2014J
1758,2624961,19,67,AAA,2014J
1758,2633226,38,64,AAA,2014J
1758,2642616,19,61,AAA,2014J
1758,2642935,18,80,AAA,2014J
1758,2648611,18,74,AAA,2014J
1758,2649800,27,65,AAA,2014J
1758,2654628,19,69,AAA,2014J
1758,2677624,18,70,AAA,2014J
1758,2680312,20,76,AAA,2014J
1758,2688166,18,68,AAA,2014J
1758,2690062,17,58,AAA,2014J
1758,2692514,18,75,AAA,2014J
1758,2694788,17,51,AAA,2014J
1758,6516,17,60,AAA,2014J
1758,24734,23,41,AAA,2014J
1758,26192,18,87,AAA,2014J
1758,28061,18,78,AAA,2014J
1758,31600,24,47,AAA,2014J
1758,46844,19,56,AAA,2014J
1758,52765,19,67,AAA,2014J
1758,55104,16,75,AAA,2014J
1758,58071,19,87,AAA,2014J
1758,58316,18,78,AAA,2014J
1758,62487,19,78,AAA,2014J
1758,63165,18,50,AAA,2014J
1758,65002,-1,66,AAA,2014J
1758,70011,19,74,AAA,2014J
1758,75255,19,76,AAA,2014J
1758,79403,22,72,AAA,2014J
1758,85092,22,58,AAA,2014J
1758,85144,18,68,AAA,2014J
1758,85302,18,76,AAA,2014J
1758,87431,40,50,AAA,2014J
1758,94961,-1,74,AAA,2014J
1758,95755,23,58,AAA,2014J
1758,101116,19,83,AAA,2014J
1758,107489,18,89,AAA,2014J
1758,108872,19,62,AAA,2014J
1758,109155,19,69,AAA,2014J
1758,117818,22,65,AAA,2014J
1758,119902,19,75,AAA,2014J
1758,121349,19,73,AAA,2014J
1758,124064,19,86,AAA,2014J
1758,125018,18,67,AAA,2014J
1758,129955,-1,85,AAA,2014J
1758,130034,18,78,AAA,2014J
1758,130547,19,63,AAA,2014J
1758,130636,16,57,AAA,2014J
1758,131390,18,81,AAA,2014J
1758,133816,18,64,AAA,2014J
1758,133922,24,78,AAA,2014J
1758,135400,18,57,AAA,2014J
1758,135471,15,86,AAA,2014J
1758,139033,19,55,AAA,2014J
1758,141377,19,65,AAA,2014J
1758,141506,19,75,AAA,2014J
1758,146503,18,67,AAA,2014J
1758,147756,26,69,AAA,2014J
1758,148993,21,86,AAA,2014J
1758,149741,15,70,AAA,2014J
1758,149962,19,67,AAA,2014J
1758,151587,19,73,AAA,2014J
1758,152668,19,71,AAA,2014J
1758,155984,20,67,AAA,2014J
1758,158707,18,75,AAA,2014J
1758,159954,-1,65,AAA,2014J
1758,164944,17,59,AAA,2014J
1758,165226,19,77,AAA,2014J
1758,167961,19,87,AAA,2014J
1758,174024,18,55,AAA,2014J
1758,174094,19,72,AAA,2014J
1758,174745,18,56,AAA,2014J
1758,175447,18,65,AAA,2014J
1758,175772,22,85,AAA,2014J
1758,183057,30,62,AAA,2014J
1758,185350,18,75,AAA,2014J
1758,188278,19,79,AAA,2014J
1758,199636,19,88,AAA,2014J
1758,199897,25,77,AAA,2014J
1758,200804,19,64,AAA,2014J
1758,205494,15,82,AAA,2014J
1758,228021,19,88,AAA,2014J
1758,228383,18,76,AAA,2014J
1758,232307,18,78,AAA,2014J
1758,235068,17,58,AAA,2014J
1758,235507,25,62,AAA,2014J
1758,236875,29,42,AAA,2014J
1758,237274,18,70,AAA,2014J
1758,243510,19,46,AAA,2014J
1758,244246,17,65,AAA,2014J
1758,248581,19,90,AAA,2014J
1758,252073,19,55,AAA,2014J
1758,254625,19,86,AAA,2014J
1758,258587,18,74,AAA,2014J
1758,260623,19,69,AAA,2014J
1758,263251,18,68,AAA,2014J
1758,263543,17,81,AAA,2014J
1758,263952,18,82,AAA,2014J
1758,266524,19,46,AAA,2014J
1758,273346,18,81,AAA,2014J
1758,274947,29,82,AAA,2014J
1758,275674,18,50,AAA,2014J
1758,275792,19,69,AAA,2014J
1758,277123,19,58,AAA,2014J
1758,277880,-1,70,AAA,2014J
1758,281077,18,74,AAA,2014J
1758,281636,18,87,AAA,2014J
1758,285315,19,86,AAA,2014J
1758,287040,18,70,AAA,2014J
1758,287204,19,72,AAA,2014J
1758,287210,14,73,AAA,2014J
1758,289449,18,78,AAA,2014J
1758,290164,24,67,AAA,2014J
1758,292525,19,84,AAA,2014J
1758,292775,17,75,AAA,2014J
1758,293824,18,73,AAA,2014J
1758,294496,23,79,AAA,2014J
1758,294655,37,75,AAA,2014J
1758,295060,19,66,AAA,2014J
1758,295075,19,67,AAA,2014J
1758,296424,18,65,AAA,2014J
1758,298034,19,68,AAA,2014J
1758,298838,18,68,AAA,2014J
1758,301967,18,51,AAA,2014J
1758,302476,11,82,AAA,2014J
1758,303521,20,83,AAA,2014J
1758,303985,19,67,AAA,2014J
1758,304465,18,76,AAA,2014J
1758,306646,26,56,AAA,2014J
1758,309142,18,68,AAA,2014J
1758,310412,19,66,AAA,2014J
1758,311235,19,73,AAA,2014J
1758,313937,19,81,AAA,2014J
1758,315076,18,81,AAA,2014J
1758,315744,18,81,AAA,2014J
1758,323370,19,88,AAA,2014J
1758,328024,19,82,AAA,2014J
1758,329659,9,58,AAA,2014J
1758,330594,19,62,AAA,2014J
1758,331358,-1,84,AAA,2014J
1758,332884,19,82,AAA,2014J
1758,334441,18,41,AAA,2014J
1758,335247,22,62,AAA,2014J
1758,335764,-1,86,AAA,2014J
1758,337748,18,44,AAA,2014J
1758,338407,20,87,AAA,2014J
1758,341876,19,68,AAA,2014J
1758,342007,-1,75,AAA,2014J
1758,345440,18,78,AAA,2014J
1758,345519,17,85,AAA,2014J
1758,346118,19,74,AAA,2014J
1758,348275,19,83,AAA,2014J
1758,348807,24,79,AAA,2014J
1758,350156,19,49,AAA,2014J
1758,350939,18,77,AAA,2014J
1758,351336,17,60,AAA,2014J
1758,353665,19,75,AAA,2014J
1758,354170,19,68,AAA,2014J
1758,356170,24,64,AAA,2014J
1758,358182,16,80,AAA,2014J
1758,364957,19,51,AAA,2014J
1758,369834,18,82,AAA,2014J
1758,371710,19,86,AAA,2014J
1758,373872,23,70,AAA,2014J
1758,375260,19,73,AAA,2014J
1758,375646,18,72,AAA,2014J
1758,377546,25,83,AAA,2014J
1758,381642,22,74,AAA,2014J
1758,382095,17,81,AAA,2014J
1758,383180,19,83,AAA,2014J
1758,383600,17,78,AAA,2014J
1758,383723,17,84,AAA,2014J
1758,384203,18,76,AAA,2014J
1758,384725,18,81,AAA,2014J
1758,387533,19,68,AAA,2014J
1758,388147,19,41,AAA,2014J
1758,390890,-1,75,AAA,2014J
1758,391249,21,85,AAA,2014J
1758,396599,18,60,AAA,2014J
1758,396655,37,19,AAA,2014J
1758,398171,19,69,AAA,2014J
1758,398349,25,85,AAA,2014J
1758,400147,18,49,AAA,2014J
1758,400682,19,55,AAA,2014J
1758,401404,19,70,AAA,2014J
1758,402204,19,62,AAA,2014J
1758,402727,19,70,AAA,2014J
1758,402961,23,68,AAA,2014J
1758,404356,15,67,AAA,2014J
1758,406671,19,86,AAA,2014J
1758,406682,13,84,AAA,2014J
1758,409100,17,68,AAA,2014J
1758,409703,17,62,AAA,2014J
1758,410092,25,68,AAA,2014J
1758,411971,19,80,AAA,2014J
1758,415969,-1,67,AAA,2014J
1758,418731,25,61,AAA,2014J
1758,421455,22,75,AAA,2014J
1758,424577,16,69,AAA,2014J
1758,429858,19,83,AAA,2014J
1758,431025,18,60,AAA,2014J
1758,439305,23,90,AAA,2014J
1758,440319,19,83,AAA,2014J
1758,442064,19,54,AAA,2014J
1758,442132,26,56,AAA,2014J
1758,446108,18,64,AAA,2014J
1758,447481,26,27,AAA,2014J
1758,468120,19,42,AAA,2014J
1758,468694,19,61,AAA,2014J
1758,470588,-1,86,AAA,2014J
1758,470982,19,60,AAA,2014J
1758,476603,19,82,AAA,2014J
1758,481022,19,40,AAA,2014J
1758,483800,19,67,AAA,2014J
1758,484897,18,74,AAA,2014J
1758,485962,17,72,AAA,2014J
1758,488990,16,53,AAA,2014J
1758,500113,19,62,AAA,2014J
1758,503889,19,73,AAA,2014J
1758,518808,22,68,AAA,2014J
1758,522482,19,75,AAA,2014J
1758,527100,18,87,AAA,2014J
1758,527801,19,42,AAA,2014J
1758,533068,19,41,AAA,2014J
1758,537081,18,60,AAA,2014J
1758,544253,19,73,AAA,2014J
1758,548120,19,77,AAA,2014J
1759,6516,51,48,AAA,2014J
1759,24734,64,38,AAA,2014J
1759,26192,53,83,AAA,2014J
1759,28061,60,81,AAA,2014J
1759,31600,53,52,AAA,2014J
1759,46844,54,63,AAA,2014J
1759,52765,54,70,AAA,2014J
1759,55104,56,64,AAA,2014J
1759,58071,59,80,AAA,2014J
1759,58316,69,77,AAA,2014J
1759,62487,61,76,AAA,2014J
1759,63165,53,47,AAA,2014J
1759,65002,-1,68,AAA,2014J
1759,70011,54,76,AAA,2014J
1759,75255,56,77,AAA,2014J
1759,79403,53,60,AAA,2014J
1759,85144,54,85,AAA,2014J
1759,85302,56,67,AAA,2014J
1759,87431,75,58,AAA,2014J
1759,94961,51,67,AAA,2014J
1759,95755,69,32,AAA,2014J
1759,101116,54,75,AAA,2014J
1759,107489,53,88,AAA,2014J
1759,108872,53,57,AAA,2014J
1759,109155,54,68,AAA,2014J
1759,117818,53,61,AAA,2014J
1759,119902,57,67,AAA,2014J
1759,121349,54,65,AAA,2014J
1759,124064,54,83,AAA,2014J
1759,125018,53,66,AAA,2014J
1759,129955,-1,82,AAA,2014J
1759,130034,52,87,AAA,2014J
1759,130547,58,52,AAA,2014J
1759,130636,54,60,AAA,2014J
1759,131390,54,73,AAA,2014J
1759,133816,53,58,AAA,2014J
1759,133922,61,85,AAA,2014J
1759,135400,62,47,AAA,2014J
1759,135471,51,78,AAA,2014J
1759,139033,53,59,AAA,2014J
1759,141377,52,52,AAA,2014J
1759,146503,53,64,AAA,2014J
1759,147756,61,32,AAA,2014J
1759,148993,59,85,AAA,2014J
1759,149741,53,62,AAA,2014J
1759,149962,54,64,AAA,2014J
1759,151587,69,56,AAA,2014J
1759,155984,55,76,AAA,2014J
1759,158707,53,70,AAA,2014J
1759,159954,-1,68,AAA,2014J
1759,164944,53,65,AAA,2014J
1759,167961,54,71,AAA,2014J
1759,174024,53,62,AAA,2014J
1759,174094,53,76,AAA,2014J
1759,174745,51,68,AAA,2014J
1759,175447,52,74,AAA,2014J
1759,183057,75,72,AAA,2014J
1759,185350,68,52,AAA,2014J
1759,188278,54,73,AAA,2014J
1759,199636,53,66,AAA,2014J
1759,199897,66,83,AAA,2014J
1759,200804,54,78,AAA,2014J
1759,205494,45,58,AAA,2014J
1759,228021,54,85,AAA,2014J
1759,228383,61,70,AAA,2014J
1759,232307,53,60,AAA,2014J
1759,235068,54,57,AAA,2014J
1759,235507,54,30,AAA,2014J
1759,236875,61,45,AAA,2014J
1759,237274,52,71,AAA,2014J
1759,243510,53,37,AAA,2014J
1759,244246,53,52,AAA,2014J
1759,248581,53,80,AAA,2014J
1759,252073,54,50,AAA,2014J
1759,254625,59,83,AAA,2014J
1759,258587,52,87,AAA,2014J
1759,260623,54,72,AAA,2014J
1759,263251,54,85,AAA,2014J
1759,263543,53,87,AAA,2014J
1759,263952,58,90,AAA,2014J
1759,266524,69,50,AAA,2014J
1759,273346,53,78,AAA,2014J
1759,274947,54,46,AAA,2014J
1759,275674,54,40,AAA,2014J
1759,275792,51,74,AAA,2014J
1759,277123,53,47,AAA,2014J
1759,277880,-1,65,AAA,2014J
1759,281077,67,72,AAA,2014J
1759,281636,53,74,AAA,2014J
1759,285315,54,87,AAA,2014J
1759,287040,51,76,AAA,2014J
1759,287204,54,65,AAA,2014J
1759,287210,38,78,AAA,2014J
1759,289449,52,78,AAA,2014J
1759,290164,57,74,AAA,2014J
1759,292525,54,84,AAA,2014J
1759,292775,66,88,AAA,2014J
1759,293824,53,44,AAA,2014J
1759,294496,84,85,AAA,2014J
1759,294655,74,81,AAA,2014J
1759,295060,61,62,AAA,2014J
1759,295075,69,55,AAA,2014J
1759,296424,53,66,AAA,2014J
1759,298034,53,82,AAA,2014J
1759,298838,54,83,AAA,2014J
1759,301967,53,56,AAA,2014J
1759,302476,52,88,AAA,2014J
1759,303521,54,78,AAA,2014J
1759,303985,54,68,AAA,2014J
1759,304465,53,72,AAA,2014J
1759,306646,53,55,AAA,2014J
1759,309142,59,67,AAA,2014J
1759,310412,54,72,AAA,2014J
1759,311235,54,74,AAA,2014J
1759,313937,54,75,AAA,2014J
1759,315076,68,55,AAA,2014J
1759,315744,57,76,AAA,2014J
1759,323370,54,80,AAA,2014J
1759,328024,57,56,AAA,2014J
1759,329659,35,58,AAA,2014J
1759,330594,60,65,AAA,2014J
1759,331358,69,84,AAA,2014J
1759,332884,54,79,AAA,2014J
1759,334441,53,30,AAA,2014J
1759,335247,53,54,AAA,2014J
1759,335764,-1,87,AAA,2014J
1759,338407,54,68,AAA,2014J
1759,341876,54,69,AAA,2014J
1759,342007,58,95,AAA,2014J
1759,345440,54,72,AAA,2014J
1759,345519,50,68,AAA,2014J
1759,346118,54,73,AAA,2014J
1759,348275,75,40,AAA,2014J
1759,348807,69,77,AAA,2014J
1759,350156,54,53,AAA,2014J
1759,350939,53,60,AAA,2014J
1759,351336,52,63,AAA,2014J
1759,353665,53,57,AAA,2014J
1759,354170,54,49,AAA,2014J
1759,356170,54,76,AAA,2014J
1759,358182,54,72,AAA,2014J
1759,364957,54,55,AAA,2014J
1759,369834,54,38,AAA,2014J
1759,371710,54,85,AAA,2014J
1759,373872,57,68,AAA,2014J
1759,375260,61,76,AAA,2014J
1759,375646,53,80,AAA,2014J
1759,377546,53,85,AAA,2014J
1759,381642,53,78,AAA,2014J
1759,382095,53,70,AAA,2014J
1759,383180,71,68,AAA,2014J
1759,383600,53,61,AAA,2014J
1759,383723,54,79,AAA,2014J
1759,384203,53,67,AAA,2014J
1759,384725,54,81,AAA,2014J
1759,388147,65,39,AAA,2014J
1759,390890,-1,80,AAA,2014J
1759,391249,64,85,AAA,2014J
1759,396599,57,62,AAA,2014J
1759,396655,75,50,AAA,2014J
1759,398171,53,73,AAA,2014J
1759,398349,53,80,AAA,2014J
1759,400147,53,57,AAA,2014J
1759,400682,54,53,AAA,2014J
1759,401404,61,79,AAA,2014J
1759,402204,54,68,AAA,2014J
1759,402727,54,60,AAA,2014J
1759,402961,51,57,AAA,2014J
1759,404356,57,72,AAA,2014J
1759,406671,54,79,AAA,2014J
1759,406682,47,77,AAA,2014J
1759,409100,53,72,AAA,2014J
1759,409703,52,65,AAA,2014J
1759,410092,54,63,AAA,2014J
1759,411971,54,78,AAA,2014J
1759,415969,-1,52,AAA,2014J
1759,418731,62,45,AAA,2014J
1759,421455,53,90,AAA,2014J
1759,424577,53,54,AAA,2014J
1759,429858,54,85,AAA,2014J
1759,431025,53,50,AAA,2014J
1759,439305,54,68,AAA,2014J
1759,440319,61,70,AAA,2014J
1759,442064,66,36,AAA,2014J
1759,442132,53,64,AAA,2014J
1759,446108,52,52,AAA,2014J
1759,447481,59,54,AAA,2014J
1759,468120,61,38,AAA,2014J
1759,468694,54,68,AAA,2014J
1759,470588,54,66,AAA,2014J
1759,470982,54,60,AAA,2014J
1759,476603,67,85,AAA,2014J
1759,481022,54,57,AAA,2014J
1759,483800,54,69,AAA,2014J
1759,484897,66,78,AAA,2014J
1759,485962,52,83,AAA,2014J
1759,488990,50,62,AAA,2014J
1759,500113,67,74,AAA,2014J
1759,503889,54,52,AAA,2014J
1759,518808,58,68,AAA,2014J
1759,527100,53,88,AAA,2014J
1759,527801,58,52,AAA,2014J
1759,533068,75,36,AAA,2014J
1759,537081,54,74,AAA,2014J
1759,544253,61,75,AAA,2014J
1759,548120,54,76,AAA,2014J
1759,569505,54,89,AAA,2014J
1759,570317,54,70,AAA,2014J
1759,574505,54,35,AAA,2014J
1759,588477,52,71,AAA,2014J
1759,593846,53,54,AAA,2014J
1759,593987,46,70,AAA,2014J
1759,596288,51,74,AAA,2014J
1759,603834,54,58,AAA,2014J
1759,603861,-1,56,AAA,2014J
1759,623840,54,82,AAA,2014J
1759,626240,54,53,AAA,2014J
1759,630142,63,81,AAA,2014J
1759,637665,54,48,AAA,2014J
1759,639053,54,68,AAA,2014J
1759,642878,53,36,AAA,2014J
1759,648130,45,60,AAA,2014J
1759,676546,54,69,AAA,2014J
1759,677186,53,51,AAA,2014J
1759,684180,52,62,AAA,2014J
1759,687698,54,56,AAA,2014J
1759,696073,53,72,AAA,2014J
1759,696578,54,70,AAA,2014J
1759,852847,49,27,AAA,2014J
1759,998493,48,68,AAA,2014J
1759,1045203,75,81,AAA,2014J
1759,1112555,57,72,AAA,2014J
1759,1183831,54,72,AAA,2014J
1759,1268696,54,82,AAA,2014J
1759,1352868,57,72,AAA,2014J
1759,1398979,52,65,AAA,2014J
1759,1471214,58,77,AAA,2014J
1759,1472925,53,59,AAA,2014J
1759,1484804,75,57,AAA,2014J
1759,1511033,52,59,AAA,2014J
1759,1576513,54,85,AAA,2014J
1759,1609002,59,77,AAA,2014J
1759,1629771,54,85,AAA,2014J
1759,1689639,52,78,AAA,2014J
1759,1715896,54,85,AAA,2014J
1759,1721270,54,57,AAA,2014J
1759,1757766,60,62,AAA,2014J
1759,1773377,55,76,AAA,2014J
1759,1799111,53,83,AAA,2014J
1759,1926668,52,60,AAA,2014J
1759,1947156,44,70,AAA,2014J
1759,1967783,52,70,AAA,2014J
1759,1970390,-1,90,AAA,2014J
1759,1975209,52,63,AAA,2014J
1759,2010232,54,85,AAA,2014J
1759,2057803,53,69,AAA,2014J
1759,2073016,-1,53,AAA,2014J
1759,2085209,66,87,AAA,2014J
1759,2086400,60,65,AAA,2014J
1759,2139353,-1,62,AAA,2014J
1759,2148681,60,70,AAA,2014J
1759,2158196,54,56,AAA,2014J
1759,2165164,54,70,AAA,2014J
1759,2207874,120,38,AAA,2014J
1759,2240349,52,64,AAA,2014J
1759,2244332,54,86,AAA,2014J
1759,2273119,74,30,AAA,2014J
1759,2277857,50,62,AAA,2014J
1759,2297896,54,57,AAA,2014J
1759,2318055,54,78,AAA,2014J
1759,2330254,51,73,AAA,2014J
1759,2355470,50,50,AAA,2014J
1759,2358969,53,69,AAA,2014J
1759,2363863,53,70,AAA,2014J
1759,2369415,53,72,AAA,2014J
1759,2375975,54,70,AAA,2014J
1759,2397661,54,50,AAA,2014J
1759,2398313,56,72,AAA,2014J
1759,2404408,60,37,AAA,2014J
1759,2425993,53,61,AAA,2014J
1759,2432796,58,65,AAA,2014J
1759,2434159,84,54,AAA,2014J
1759,2436812,58,35,AAA,2014J
1759,2467267,54,60,AAA,2014J
1759,2470694,-1,67,AAA,2014J
1759,2473538,60,44,AAA,2014J
1759,2494700,54,80,AAA,2014J
1759,2500258,65,65,AAA,2014J
1759,2509639,66,66,AAA,2014J
1759,2514368,54,70,AAA,2014J
1759,2514898,75,55,AAA,2014J
1759,2521865,68,67,AAA,2014J
1759,2522927,52,52,AAA,2014J
1759,2540168,93,47,AAA,2014J
1759,2551797,52,49,AAA,2014J
1759,2569324,57,77,AAA,2014J
1759,2574990,54,66,AAA,2014J
1759,2578676,54,74,AAA,2014J
1759,2581477,55,45,AAA,2014J
1759,2584873,55,60,AAA,2014J
1759,2595841,58,69,AAA,2014J
1759,2596621,48,60,AAA,2014J
1759,2601889,54,80,AAA,2014J
1759,2602338,59,73,AAA,2014J
1759,2606802,54,29,AAA,2014J
1759,2624961,57,68,AAA,2014J
1759,2633226,53,66,AAA,2014J
1759,2642616,60,50,AAA,2014J
1759,2642935,53,85,AAA,2014J
1759,2648611,52,82,AAA,2014J
1759,2649800,61,50,AAA,2014J
1759,2654628,54,74,AAA,2014J
1759,2677624,53,63,AAA,2014J
1759,2680312,58,73,AAA,2014J
1759,2688166,56,69,AAA,2014J
1759,2692514,54,85,AAA,2014J
1759,2694788,53,20,AAA,2014J
1760,676546,115,74,AAA,2014J
1760,677186,116,53,AAA,2014J
1760,684180,116,75,AAA,2014J
1760,687698,124,55,AAA,2014J
1760,696073,117,78,AAA,2014J
1760,696578,123,80,AAA,2014J
1760,998493,112,70,AAA,2014J
1760,1045203,124,80,AAA,2014J
1760,1112555,123,70,AAA,2014J
1760,1183831,131,66,AAA,2014J
1760,1268696,117,64,AAA,2014J
1760,1352868,117,66,AAA,2014J
1760,1398979,117,72,AAA,2014J
1760,1471214,117,74,AAA,2014J
1760,1472925,127,59,AAA,2014J
1760,1484804,131,64,AAA,2014J
1760,1511033,116,82,AAA,2014J
1760,1576513,116,86,AAA,2014J
1760,1609002,116,87,AAA,2014J
1760,1629771,124,85,AAA,2014J
1760,1715896,117,83,AAA,2014J
1760,1721270,121,62,AAA,2014J
1760,1757766,117,73,AAA,2014J
1760,1773377,120,75,AAA,2014J
1760,1799111,116,78,AAA,2014J
1760,1926668,116,68,AAA,2014J
1760,1947156,114,73,AAA,2014J
1760,1967783,113,63,AAA,2014J
1760,1970390,-1,90,AAA,2014J
1760,1975209,109,63,AAA,2014J
1760,2010232,121,85,AAA,2014J
1760,2057803,118,66,AAA,2014J
1760,2073016,-1,68,AAA,2014J
1760,2085209,117,89,AAA,2014J
1760,2086400,123,66,AAA,2014J
1760,2139353,-1,71,AAA,2014J
1760,2148681,116,68,AAA,2014J
1760,2165164,116,64,AAA,2014J
1760,2207874,131,60,AAA,2014J
1760,2240349,111,90,AAA,2014J
1760,2244332,117,86,AAA,2014J
1760,2273119,116,35,AAA,2014J
1760,2277857,106,50,AAA,2014J
1760,2297896,117,60,AAA,2014J
1760,2318055,132,79,AAA,2014J
1760,2330254,114,78,AAA,2014J
1760,2355470,113,57,AAA,2014J
1760,2358969,123,68,AAA,2014J
1760,2363863,120,80,AAA,2014J
1760,2369415,116,87,AAA,2014J
1760,2375975,127,68,AAA,2014J
1760,2397661,117,50,AAA,2014J
1760,2398313,119,70,AAA,2014J
1760,2425993,117,81,AAA,2014J
1760,2432796,116,59,AAA,2014J
1760,2434159,117,50,AAA,2014J
1760,2436812,116,51,AAA,2014J
1760,2467267,117,64,AAA,2014J
1760,2473538,123,58,AAA,2014J
1760,2494700,117,81,AAA,2014J
1760,2500258,117,72,AAA,2014J
1760,2509639,126,68,AAA,2014J
1760,2514368,118,84,AAA,2014J
1760,2514898,117,72,AAA,2014J
1760,2521865,117,64,AAA,2014J
1760,2522927,116,77,AAA,2014J
1760,2540168,144,39,AAA,2014J
1760,2551797,117,65,AAA,2014J
1760,2551932,132,40,AAA,2014J
1760,2569324,117,67,AAA,2014J
1760,2574990,117,48,AAA,2014J
1760,2578676,117,68,AAA,2014J
1760,2581477,117,48,AAA,2014J
1760,2584873,124,61,AAA,2014J
1760,2595841,127,45,AAA,2014J
1760,2596621,115,65,AAA,2014J
1760,2601889,117,85,AAA,2014J
1760,2624961,117,53,AAA,2014J
1760,2633226,129,64,AAA,2014J
1760,2642616,131,57,AAA,2014J
1760,2642935,114,84,AAA,2014J
1760,2648611,116,75,AAA,2014J
1760,2649800,124,67,AAA,2014J
1760,2654628,120,72,AAA,2014J
1760,2677624,117,58,AAA,2014J
1760,2680312,121,74,AAA,2014J
1760,2692514,117,77,AAA,2014J
1760,2694788,115,35,AAA,2014J
1760,6516,116,63,AAA,2014J
1760,24734,121,52,AAA,2014J
1760,26192,116,85,AAA,2014J
1760,28061,117,71,AAA,2014J
1760,31600,121,57,AAA,2014J
1760,46844,117,68,AAA,2014J
1760,52765,117,61,AAA,2014J
1760,55104,117,70,AAA,2014J
1760,58071,122,61,AAA,2014J
1760,58316,116,64,AAA,2014J
1760,62487,117,74,AAA,2014J
1760,63165,137,51,AAA,2014J
1760,70011,117,78,AAA,2014J
1760,75255,117,80,AAA,2014J
1760,79403,128,50,AAA,2014J
1760,85092,116,68,AAA,2014J
1760,85144,117,77,AAA,2014J
1760,85302,116,70,AAA,2014J
1760,87431,138,42,AAA,2014J
1760,94961,122,57,AAA,2014J
1760,101116,117,79,AAA,2014J
1760,107489,125,79,AAA,2014J
1760,108872,117,70,AAA,2014J
1760,109155,116,72,AAA,2014J
1760,117818,120,49,AAA,2014J
1760,119902,117,61,AAA,2014J
1760,121349,116,88,AAA,2014J
1760,124064,120,90,AAA,2014J
1760,125018,116,67,AAA,2014J
1760,129955,-1,76,AAA,2014J
1760,130034,116,79,AAA,2014J
1760,130547,120,47,AAA,2014J
1760,130636,117,64,AAA,2014J
1760,131390,117,77,AAA,2014J
1760,133816,116,70,AAA,2014J
1760,133922,132,80,AAA,2014J
1760,135400,120,56,AAA,2014J
1760,135471,112,83,AAA,2014J
1760,139033,117,63,AAA,2014J
1760,141377,125,39,AAA,2014J
1760,146503,116,68,AAA,2014J
1760,147756,138,82,AAA,2014J
1760,148993,124,90,AAA,2014J
1760,149741,112,58,AAA,2014J
1760,149962,116,73,AAA,2014J
1760,151587,139,72,AAA,2014J
1760,155984,117,78,AAA,2014J
1760,158707,117,77,AAA,2014J
1760,159954,129,75,AAA,2014J
1760,164944,114,64,AAA,2014J
1760,167961,117,50,AAA,2014J
1760,174024,115,53,AAA,2014J
1760,174094,123,74,AAA,2014J
1760,174745,116,66,AAA,2014J
1760,175447,119,69,AAA,2014J
1760,183057,144,60,AAA,2014J
1760,185350,116,60,AAA,2014J
1760,188278,121,63,AAA,2014J
1760,199636,116,77,AAA,2014J
1760,199897,124,83,AAA,2014J
1760,200804,121,68,AAA,2014J
1760,205494,108,66,AAA,2014J
1760,228021,117,77,AAA,2014J
1760,228383,125,63,AAA,2014J
1760,232307,116,60,AAA,2014J
1760,235068,115,63,AAA,2014J
1760,235507,116,69,AAA,2014J
1760,236875,117,50,AAA,2014J
1760,237274,116,73,AAA,2014J
1760,243510,119,62,AAA,2014J
1760,244246,116,70,AAA,2014J
1760,248581,117,78,AAA,2014J
1760,252073,125,52,AAA,2014J
1760,254625,117,78,AAA,2014J
1760,258587,109,80,AAA,2014J
1760,260623,127,74,AAA,2014J
1760,263251,117,78,AAA,2014J
1760,263543,117,77,AAA,2014J
1760,263952,132,88,AAA,2014J
1760,266524,121,57,AAA,2014J
1760,273346,115,82,AAA,2014J
1760,274947,129,54,AAA,2014J
1760,275674,116,45,AAA,2014J
1760,275792,126,74,AAA,2014J
1760,277123,117,35,AAA,2014J
1760,277880,-1,68,AAA,2014J
1760,281077,114,77,AAA,2014J
1760,281636,117,88,AAA,2014J
1760,285315,117,86,AAA,2014J
1760,287040,115,68,AAA,2014J
1760,287204,124,71,AAA,2014J
1760,287210,79,78,AAA,2014J
1760,289449,113,73,AAA,2014J
1760,290164,117,68,AAA,2014J
1760,292525,117,86,AAA,2014J
1760,292775,124,76,AAA,2014J
1760,293824,116,64,AAA,2014J
1760,294496,136,86,AAA,2014J
1760,294655,122,77,AAA,2014J
1760,295060,117,64,AAA,2014J
1760,295075,117,69,AAA,2014J
1760,296424,116,86,AAA,2014J
1760,298034,117,82,AAA,2014J
1760,298838,117,86,AAA,2014J
1760,301967,116,62,AAA,2014J
1760,302476,116,84,AAA,2014J
1760,303521,124,76,AAA,2014J
1760,303985,124,71,AAA,2014J
1760,304465,116,79,AAA,2014J
1760,306646,117,43,AAA,2014J
1760,309142,116,58,AAA,2014J
1760,310412,116,90,AAA,2014J
1760,311235,117,59,AAA,2014J
1760,313937,117,73,AAA,2014J
1760,315076,116,70,AAA,2014J
1760,315744,124,88,AAA,2014J
1760,323370,129,80,AAA,2014J
1760,328024,120,40,AAA,2014J
1760,329659,75,45,AAA,2014J
1760,330594,128,59,AAA,2014J
1760,331358,127,83,AAA,2014J
1760,332884,117,85,AAA,2014J
1760,334441,116,38,AAA,2014J
1760,335247,117,86,AAA,2014J
1760,335764,-1,86,AAA,2014J
1760,338407,117,78,AAA,2014J
1760,342007,132,85,AAA,2014J
1760,345440,116,75,AAA,2014J
1760,345519,115,83,AAA,2014J
1760,346118,117,69,AAA,2014J
1760,348807,121,77,AAA,2014J
1760,350156,117,63,AAA,2014J
1760,350939,116,68,AAA,2014J
1760,351336,116,67,AAA,2014J
1760,353665,117,57,AAA,2014J
1760,354170,117,71,AAA,2014J
1760,356170,117,68,AAA,2014J
1760,358182,123,74,AAA,2014J
1760,364957,117,64,AAA,2014J
1760,369834,116,86,AAA,2014J
1760,371710,117,85,AAA,2014J
1760,373872,122,62,AAA,2014J
1760,375260,124,75,AAA,2014J
1760,375646,116,78,AAA,2014J
1760,377546,116,80,AAA,2014J
1760,381642,117,82,AAA,2014J
1760,382095,112,67,AAA,2014J
1760,383180,116,65,AAA,2014J
1760,383600,116,86,AAA,2014J
1760,383723,116,78,AAA,2014J
1760,384203,127,75,AAA,2014J
1760,384725,117,83,AAA,2014J
1760,387533,132,42,AAA,2014J
1760,390890,-1,54,AAA,2014J
1760,391249,116,80,AAA,2014J
1760,396599,128,40,AAA,2014J
1760,396655,138,38,AAA,2014J
1760,398171,122,68,AAA,2014J
1760,398349,116,87,AAA,2014J
1760,400147,116,68,AAA,2014J
1760,400682,117,48,AAA,2014J
1760,401404,117,68,AAA,2014J
1760,402204,130,66,AAA,2014J
1760,402727,117,80,AAA,2014J
1760,402961,115,71,AAA,2014J
1760,404356,119,83,AAA,2014J
1760,406671,117,87,AAA,2014J
1760,406682,113,86,AAA,2014J
1760,409100,116,82,AAA,2014J
1760,409703,115,63,AAA,2014J
1760,410092,116,62,AAA,2014J
1760,411971,117,67,AAA,2014J
1760,415969,-1,60,AAA,2014J
1760,418731,117,38,AAA,2014J
1760,421455,116,74,AAA,2014J
1760,424577,115,73,AAA,2014J
1760,429858,117,80,AAA,2014J
1760,431025,114,55,AAA,2014J
1760,439305,122,72,AAA,2014J
1760,440319,128,55,AAA,2014J
1760,442064,123,72,AAA,2014J
1760,442132,117,59,AAA,2014J
1760,446108,116,54,AAA,2014J
1760,447481,117,58,AAA,2014J
1760,468694,123,55,AAA,2014J
1760,470982,117,60,AAA,2014J
1760,476603,131,87,AAA,2014J
1760,481022,115,50,AAA,2014J
1760,483800,121,78,AAA,2014J
1760,484897,116,73,AAA,2014J
1760,485962,117,94,AAA,2014J
1760,488990,112,40,AAA,2014J
1760,500113,120,85,AAA,2014J
1760,503889,117,77,AAA,2014J
1760,518808,117,85,AAA,2014J
1760,527100,117,92,AAA,2014J
1760,527801,117,67,AAA,2014J
1760,533068,117,78,AAA,2014J
1760,537081,122,76,AAA,2014J
1760,544253,129,78,AAA,2014J
1760,548120,117,70,AAA,2014J
1760,569505,107,85,AAA,2014J
1760,570317,132,76,AAA,2014J
1760,574505,117,40,AAA,2014J
1760,588477,116,77,AAA,2014J
1760,593846,117,63,AAA,2014J
1760,593987,102,70,AAA,2014J
1760,596288,116,70,AAA,2014J
1760,603834,124,64,AAA,2014J
1760,603861,-1,58,AAA,2014J
1760,623840,117,83,AAA,2014J
1760,626240,129,38,AAA,2014J
1760,637665,117,45,AAA,2014J
1760,639053,116,74,AAA,2014J
1760,648130,114,38,AAA,2014J
1761,569505,165,84,AAA,2014J
1761,570317,170,79,AAA,2014J
1761,574505,166,52,AAA,2014J
1761,588477,164,78,AAA,2014J
1761,593846,166,76,AAA,2014J
1761,593987,163,73,AAA,2014J
1761,596288,166,80,AAA,2014J
1761,603834,167,63,AAA,2014J
1761,603861,-1,69,AAA,2014J
1761,623840,166,77,AAA,2014J
1761,626240,166,60,AAA,2014J
1761,637665,166,50,AAA,2014J
1761,639053,174,63,AAA,2014J
1761,648130,162,56,AAA,2014J
1761,676546,180,76,AAA,2014J
1761,677186,165,71,AAA,2014J
1761,684180,169,75,AAA,2014J
1761,687698,166,53,AAA,2014J
1761,696073,166,75,AAA,2014J
1761,998493,157,68,AAA,2014J
1761,1045203,178,78,AAA,2014J
1761,1112555,166,66,AAA,2014J
1761,1268696,165,35,AAA,2014J
1761,1352868,180,73,AAA,2014J
1761,1398979,172,78,AAA,2014J
1761,1471214,166,60,AAA,2014J
1761,1472925,172,69,AAA,2014J
1761,1484804,185,70,AAA,2014J
1761,1511033,164,79,AAA,2014J
1761,1576513,165,85,AAA,2014J
1761,1609002,165,81,AAA,2014J
1761,1629771,166,74,AAA,2014J
1761,1715896,175,80,AAA,2014J
1761,1721270,170,30,AAA,2014J
1761,1757766,172,72,AAA,2014J
1761,1773377,170,72,AAA,2014J
1761,1799111,166,72,AAA,2014J
1761,1926668,164,59,AAA,2014J
1761,1947156,164,87,AAA,2014J
1761,1967783,164,60,AAA,2014J
1761,1970390,-1,80,AAA,2014J
1761,1975209,165,66,AAA,2014J
1761,2010232,166,75,AAA,2014J
1761,2057803,165,64,AAA,2014J
1761,2085209,166,85,AAA,2014J
1761,2086400,165,74,AAA,2014J
1761,2139353,175,70,AAA,2014J
1761,2148681,170,71,AAA,2014J
1761,2165164,166,52,AAA,2014J
1761,2240349,160,76,AAA,2014J
1761,2244332,172,85,AAA,2014J
1761,2277857,162,74,AAA,2014J
1761,2297896,170,62,AAA,2014J
1761,2318055,178,70,AAA,2014J
1761,2330254,162,67,AAA,2014J
1761,2355470,163,57,AAA,2014J
1761,2358969,169,62,AAA,2014J
1761,2363863,170,81,AAA,2014J
1761,2369415,165,80,AAA,2014J
1761,2375975,176,70,AAA,2014J
1761,2397661,166,37,AAA,2014J
1761,2398313,168,73,AAA,2014J
1761,2425993,166,71,AAA,2014J
1761,2432796,167,67,AAA,2014J
1761,2434159,166,57,AAA,2014J
1761,2467267,166,80,AAA,2014J
1761,2473538,173,60,AAA,2014J
1761,2494700,166,86,AAA,2014J
1761,2500258,171,78,AAA,2014J
1761,2509639,165,60,AAA,2014J
1761,2514368,174,82,AAA,2014J
1761,2514898,174,51,AAA,2014J
1761,2521865,187,71,AAA,2014J
1761,2522927,164,65,AAA,2014J
1761,2551797,165,64,AAA,2014J
1761,2569324,174,66,AAA,2014J
1761,2574990,171,49,AAA,2014J
1761,2578676,166,76,AAA,2014J
1761,2581477,166,55,AAA,2014J
1761,2584873,172,65,AAA,2014J
1761,2595841,173,50,AAA,2014J
1761,2596621,166,87,AAA,2014J
1761,2601889,169,80,AAA,2014J
1761,2624961,166,62,AAA,2014J
1761,2633226,184,11,AAA,2014J
1761,2642616,178,58,AAA,2014J
1761,2642935,164,85,AAA,2014J
1761,2648611,169,77,AAA,2014J
1761,2649800,173,65,AAA,2014J
1761,2654628,167,69,AAA,2014J
1761,2677624,179,78,AAA,2014J
1761,2680312,166,86,AAA,2014J
1761,2688166,167,55,AAA,2014J
1761,2692514,166,80,AAA,2014J
1761,6516,164,61,AAA,2014J
1761,24734,185,55,AAA,2014J
1761,26192,165,88,AAA,2014J
1761,28061,166,82,AAA,2014J
1761,31600,171,64,AAA,2014J
1761,46844,166,64,AAA,2014J
1761,52765,172,65,AAA,2014J
1761,55104,167,68,AAA,2014J
1761,58071,172,76,AAA,2014J
1761,58316,166,75,AAA,2014J
1761,62487,180,62,AAA,2014J
1761,63165,172,52,AAA,2014J
1761,70011,166,88,AAA,2014J
1761,75255,177,88,AAA,2014J
1761,85092,166,48,AAA,2014J
1761,85144,166,78,AAA,2014J
1761,85302,165,69,AAA,2014J
1761,94961,166,65,AAA,2014J
1761,101116,169,90,AAA,2014J
1761,107489,173,80,AAA,2014J
1761,108872,165,67,AAA,2014J
1761,109155,165,67,AAA,2014J
1761,117818,166,59,AAA,2014J
1761,119902,180,65,AAA,2014J
1761,121349,165,68,AAA,2014J
1761,124064,167,87,AAA,2014J
1761,125018,165,62,AAA,2014J
1761,130034,165,78,AAA,2014J
1761,130547,172,71,AAA,2014J
1761,130636,166,65,AAA,2014J
1761,131390,166,80,AAA,2014J
1761,133816,166,65,AAA,2014J
1761,133922,173,73,AAA,2014J
1761,135400,180,46,AAA,2014J
1761,135471,162,85,AAA,2014J
1761,139033,166,66,AAA,2014J
1761,141377,176,53,AAA,2014J
1761,146503,165,66,AAA,2014J
1761,147756,178,72,AAA,2014J
1761,148993,166,73,AAA,2014J
1761,149741,163,64,AAA,2014J
1761,149962,166,66,AAA,2014J
1761,155984,178,83,AAA,2014J
1761,164944,172,62,AAA,2014J
1761,167961,166,82,AAA,2014J
1761,174024,163,68,AAA,2014J
1761,174094,175,77,AAA,2014J
1761,174745,165,68,AAA,2014J
1761,175447,165,71,AAA,2014J
1761,183057,194,64,AAA,2014J
1761,185350,187,57,AAA,2014J
1761,188278,166,72,AAA,2014J
1761,199636,169,80,AAA,2014J
1761,199897,178,25,AAA,2014J
1761,200804,172,75,AAA,2014J
1761,205494,155,68,AAA,2014J
1761,228021,166,85,AAA,2014J
1761,228383,173,73,AAA,2014J
1761,232307,172,68,AAA,2014J
1761,235068,164,62,AAA,2014J
1761,235507,173,60,AAA,2014J
1761,236875,173,50,AAA,2014J
1761,237274,164,80,AAA,2014J
1761,243510,173,38,AAA,2014J
1761,244246,180,78,AAA,2014J
1761,248581,166,87,AAA,2014J
1761,252073,187,53,AAA,2014J
1761,254625,178,85,AAA,2014J
1761,258587,160,83,AAA,2014J
1761,260623,166,74,AAA,2014J
1761,263251,165,71,AAA,2014J
1761,263543,166,80,AAA,2014J
1761,263952,166,91,AAA,2014J
1761,266524,166,59,AAA,2014J
1761,273346,165,84,AAA,2014J
1761,274947,166,47,AAA,2014J
1761,275792,164,73,AAA,2014J
1761,277123,166,50,AAA,2014J
1761,281077,175,63,AAA,2014J
1761,281636,166,78,AAA,2014J
1761,285315,166,85,AAA,2014J
1761,287040,178,77,AAA,2014J
1761,287204,166,80,AAA,2014J
1761,287210,157,70,AAA,2014J
1761,289449,165,73,AAA,2014J
1761,290164,166,64,AAA,2014J
1761,292525,166,85,AAA,2014J
1761,292775,176,82,AAA,2014J
1761,293824,170,59,AAA,2014J
1761,294496,180,80,AAA,2014J
1761,294655,177,77,AAA,2014J
1761,295060,166,70,AAA,2014J
1761,295075,166,65,AAA,2014J
1761,296424,164,87,AAA,2014J
1761,298034,166,68,AAA,2014J
1761,298838,167,79,AAA,2014J
1761,301967,166,37,AAA,2014J
1761,302476,165,85,AAA,2014J
1761,303521,166,80,AAA,2014J
1761,303985,166,80,AAA,2014J
1761,304465,165,80,AAA,2014J
1761,306646,166,55,AAA,2014J
1761,309142,176,71,AAA,2014J
1761,310412,166,75,AAA,2014J
1761,311235,166,59,AAA,2014J
1761,313937,166,88,AAA,2014J
1761,315076,187,69,AAA,2014J
1761,315744,167,81,AAA,2014J
1761,323370,166,79,AAA,2014J
1761,328024,173,68,AAA,2014J
1761,329659,139,50,AAA,2014J
1761,330594,166,58,AAA,2014J
1761,331358,165,87,AAA,2014J
1761,332884,166,86,AAA,2014J
1761,334441,165,45,AAA,2014J
1761,335247,166,76,AAA,2014J
1761,335764,166,87,AAA,2014J
1761,338407,166,67,AAA,2014J
1761,342007,174,88,AAA,2014J
1761,345440,165,74,AAA,2014J
1761,345519,164,73,AAA,2014J
1761,346118,166,78,AAA,2014J
1761,348807,184,80,AAA,2014J
1761,350156,166,56,AAA,2014J
1761,350939,166,68,AAA,2014J
1761,351336,163,54,AAA,2014J
1761,353665,166,66,AAA,2014J
1761,354170,166,52,AAA,2014J
1761,358182,166,76,AAA,2014J
1761,364957,181,62,AAA,2014J
1761,369834,166,80,AAA,2014J
1761,371710,166,80,AAA,2014J
1761,373872,174,64,AAA,2014J
1761,375260,168,78,AAA,2014J
1761,375646,165,80,AAA,2014J
1761,377546,170,80,AAA,2014J
1761,381642,168,78,AAA,2014J
1761,382095,165,80,AAA,2014J
1761,383600,165,88,AAA,2014J
1761,383723,169,75,AAA,2014J
1761,384203,170,74,AAA,2014J
1761,384725,165,75,AAA,2014J
1761,390890,174,54,AAA,2014J
1761,391249,165,82,AAA,2014J
1761,396599,172,55,AAA,2014J
1761,396655,178,54,AAA,2014J
1761,398171,160,66,AAA,2014J
1761,398349,166,74,AAA,2014J
1761,400147,175,65,AAA,2014J
1761,400682,166,57,AAA,2014J
1761,401404,166,80,AAA,2014J
1761,402204,178,78,AAA,2014J
1761,402727,165,78,AAA,2014J
1761,402961,164,71,AAA,2014J
1761,404356,172,68,AAA,2014J
1761,406671,173,79,AAA,2014J
1761,406682,161,85,AAA,2014J
1761,409100,165,80,AAA,2014J
1761,409703,165,64,AAA,2014J
1761,410092,172,68,AAA,2014J
1761,411971,166,66,AAA,2014J
1761,418731,177,18,AAA,2014J
1761,421455,165,81,AAA,2014J
1761,424577,165,54,AAA,2014J
1761,429858,169,85,AAA,2014J
1761,431025,164,55,AAA,2014J
1761,439305,166,70,AAA,2014J
1761,442064,172,59,AAA,2014J
1761,442132,183,77,AAA,2014J
1761,446108,166,59,AAA,2014J
1761,447481,173,65,AAA,2014J
1761,468694,167,63,AAA,2014J
1761,470982,180,63,AAA,2014J
1761,476603,178,79,AAA,2014J
1761,483800,166,68,AAA,2014J
1761,484897,165,62,AAA,2014J
1761,485962,166,76,AAA,2014J
1761,488990,162,59,AAA,2014J
1761,500113,177,84,AAA,2014J
1761,503889,166,65,AAA,2014J
1761,518808,166,77,AAA,2014J
1761,527100,165,92,AAA,2014J
1761,533068,166,73,AAA,2014J
1761,537081,171,28,AAA,2014J
1761,544253,178,68,AAA,2014J
1761,548120,166,82,AAA,2014J
1762,6516,210,77,AAA,2014J
1762,24734,215,48,AAA,2014J
1762,26192,213,88,AAA,2014J
1762,28061,215,76,AAA,2014J
1762,31600,214,54,AAA,2014J
1762,46844,214,73,AAA,2014J
1762,52765,215,52,AAA,2014J
1762,55104,214,78,AAA,2014J
1762,58071,222,76,AAA,2014J
1762,58316,215,73,AAA,2014J
1762,62487,215,68,AAA,2014J
1762,63165,221,57,AAA,2014J
1762,70011,214,85,AAA,2014J
1762,75255,214,88,AAA,2014J
1762,85092,214,58,AAA,2014J
1762,85144,215,80,AAA,2014J
1762,85302,218,74,AAA,2014J
1762,94961,211,55,AAA,2014J
1762,101116,215,86,AAA,2014J
1762,107489,215,74,AAA,2014J
1762,108872,214,53,AAA,2014J
1762,109155,213,63,AAA,2014J
1762,117818,215,54,AAA,2014J
1762,121349,214,86,AAA,2014J
1762,124064,215,90,AAA,2014J
1762,125018,214,62,AAA,2014J
1762,130034,213,70,AAA,2014J
1762,130547,216,59,AAA,2014J
1762,130636,215,54,AAA,2014J
1762,131390,215,82,AAA,2014J
1762,133816,215,70,AAA,2014J
1762,133922,218,75,AAA,2014J
1762,135400,227,43,AAA,2014J
1762,135471,210,88,AAA,2014J
1762,139033,215,62,AAA,2014J
1762,141377,215,39,AAA,2014J
1762,146503,215,52,AAA,2014J
1762,147756,219,68,AAA,2014J
1762,148993,215,86,AAA,2014J
1762,149741,211,78,AAA,2014J
1762,149962,221,72,AAA,2014J
1762,155984,215,83,AAA,2014J
1762,164944,216,62,AAA,2014J
1762,167961,215,90,AAA,2014J
1762,174024,212,64,AAA,2014J
1762,174094,214,78,AAA,2014J
1762,174745,214,67,AAA,2014J
1762,175447,214,69,AAA,2014J
1762,183057,237,70,AAA,2014J
1762,185350,237,54,AAA,2014J
1762,188278,216,67,AAA,2014J
1762,199636,214,68,AAA,2014J
1762,199897,215,79,AAA,2014J
1762,200804,215,45,AAA,2014J
1762,205494,210,58,AAA,2014J
1762,228021,215,80,AAA,2014J
1762,228383,215,71,AAA,2014J
1762,232307,214,65,AAA,2014J
1762,235068,213,58,AAA,2014J
1762,235507,214,61,AAA,2014J
1762,236875,216,45,AAA,2014J
1762,237274,213,68,AAA,2014J
1762,243510,215,35,AAA,2014J
1762,244246,215,71,AAA,2014J
1762,248581,214,90,AAA,2014J
1762,252073,215,35,AAA,2014J
1762,254625,214,82,AAA,2014J
1762,258587,208,79,AAA,2014J
1762,260623,218,62,AAA,2014J
1762,263251,215,68,AAA,2014J
1762,263543,214,73,AAA,2014J
1762,263952,215,93,AAA,2014J
1762,266524,215,57,AAA,2014J
1762,273346,213,84,AAA,2014J
1762,274947,215,41,AAA,2014J
1762,275792,214,75,AAA,2014J
1762,277123,215,40,AAA,2014J
1762,281077,215,76,AAA,2014J
1762,281636,215,88,AAA,2014J
1762,285315,215,87,AAA,2014J
1762,287040,214,73,AAA,2014J
1762,287204,215,80,AAA,2014J
1762,287210,184,68,AAA,2014J
1762,289449,214,74,AAA,2014J
1762,290164,218,57,AAA,2014J
1762,292525,215,84,AAA,2014J
1762,292775,215,87,AAA,2014J
1762,293824,212,60,AAA,2014J
1762,294496,215,73,AAA,2014J
1762,294655,224,78,AAA,2014J
1762,295060,215,73,AAA,2014J
1762,295075,215,64,AAA,2014J
1762,296424,207,82,AAA,2014J
1762,298034,212,64,AAA,2014J
1762,298838,215,80,AAA,2014J
1762,301967,214,58,AAA,2014J
1762,302476,214,87,AAA,2014J
1762,303521,215,85,AAA,2014J
1762,303985,219,88,AAA,2014J
1762,304465,214,71,AAA,2014J
1762,306646,215,55,AAA,2014J
1762,309142,214,66,AAA,2014J
1762,310412,214,77,AAA,2014J
1762,311235,213,64,AAA,2014J
1762,313937,215,87,AAA,2014J
1762,315076,215,68,AAA,2014J
1762,315744,218,86,AAA,2014J
1762,323370,215,49,AAA,2014J
1762,328024,215,33,AAA,2014J
1762,329659,179,38,AAA,2014J
1762,330594,219,54,AAA,2014J
1762,331358,215,86,AAA,2014J
1762,332884,215,79,AAA,2014J
1762,334441,213,45,AAA,2014J
1762,335247,215,73,AAA,2014J
1762,335764,215,90,AAA,2014J
1762,338407,215,69,AAA,2014J
1762,342007,215,76,AAA,2014J
1762,345440,214,70,AAA,2014J
1762,345519,214,78,AAA,2014J
1762,346118,215,69,AAA,2014J
1762,348807,219,70,AAA,2014J
1762,350156,215,40,AAA,2014J
1762,350939,215,75,AAA,2014J
1762,351336,213,79,AAA,2014J
1762,353665,215,68,AAA,2014J
1762,354170,215,50,AAA,2014J
1762,356170,215,78,AAA,2014J
1762,358182,215,73,AAA,2014J
1762,364957,220,66,AAA,2014J
1762,369834,218,82,AAA,2014J
1762,371710,215,72,AAA,2014J
1762,373872,214,64,AAA,2014J
1762,375260,215,55,AAA,2014J
1762,375646,214,68,AAA,2014J
1762,377546,213,87,AAA,2014J
1762,381642,212,82,AAA,2014J
1762,382095,218,85,AAA,2014J
1762,383600,214,80,AAA,2014J
1762,383723,214,85,AAA,2014J
1762,384203,215,85,AAA,2014J
1762,384725,215,82,AAA,2014J
1762,390890,234,77,AAA,2014J
1762,391249,218,79,AAA,2014J
1762,396655,218,40,AAA,2014J
1762,398171,214,70,AAA,2014J
1762,398349,214,73,AAA,2014J
1762,400147,214,57,AAA,2014J
1762,400682,215,50,AAA,2014J
1762,401404,215,81,AAA,2014J
1762,402204,214,78,AAA,2014J
1762,402727,214,78,AAA,2014J
1762,402961,213,71,AAA,2014J
1762,404356,214,80,AAA,2014J
1762,406671,215,67,AAA,2014J
1762,406682,213,86,AAA,2014J
1762,409100,214,85,AAA,2014J
1762,409703,214,65,AAA,2014J
1762,410092,214,71,AAA,2014J
1762,411971,215,75,AAA,2014J
1762,418731,215,44,AAA,2014J
1762,421455,213,69,AAA,2014J
1762,424577,213,47,AAA,2014J
1762,429858,215,82,AAA,2014J
1762,431025,213,56,AAA,2014J
1762,439305,215,65,AAA,2014J
1762,442064,220,44,AAA,2014J
1762,442132,218,73,AAA,2014J
1762,446108,215,59,AAA,2014J
1762,447481,215,58,AAA,2014J
1762,468694,216,59,AAA,2014J
1762,470982,215,65,AAA,2014J
1762,476603,227,86,AAA,2014J
1762,483800,215,71,AAA,2014J
1762,484897,214,37,AAA,2014J
1762,485962,215,77,AAA,2014J
1762,488990,212,56,AAA,2014J
1762,500113,222,72,AAA,2014J
1762,503889,215,78,AAA,2014J
1762,518808,218,71,AAA,2014J
1762,527100,215,95,AAA,2014J
1762,527801,215,37,AAA,2014J
1762,533068,215,63,AAA,2014J
1762,537081,215,66,AAA,2014J
1762,544253,215,72,AAA,2014J
1762,548120,215,68,AAA,2014J
1762,569505,214,86,AAA,2014J
1762,570317,215,75,AAA,2014J
1762,574505,212,40,AAA,2014J
1762,588477,213,70,AAA,2014J
1762,593846,222,64,AAA,2014J
1762,593987,205,75,AAA,2014J
1762,596288,214,78,AAA,2014J
1762,603834,216,60,AAA,2014J
1762,603861,-1,71,AAA,2014J
1762,623840,215,77,AAA,2014J
1762,626240,216,66,AAA,2014J
1762,637665,215,48,AAA,2014J
1762,639053,223,63,AAA,2014J
1762,648130,215,58,AAA,2014J
1762,677186,213,60,AAA,2014J
1762,684180,217,51,AAA,2014J
1762,687698,217,58,AAA,2014J
1762,696073,214,78,AAA,2014J
1762,998493,211,63,AAA,2014J
1762,1045203,235,79,AAA,2014J
1762,1112555,214,62,AAA,2014J
1762,1268696,215,65,AAA,2014J
1762,1352868,215,56,AAA,2014J
1762,1471214,215,74,AAA,2014J
1762,1472925,222,66,AAA,2014J
1762,1484804,215,74,AAA,2014J
1762,1511033,214,80,AAA,2014J
1762,1576513,213,90,AAA,2014J
1762,1609002,214,78,AAA,2014J
1762,1629771,215,75,AAA,2014J
1762,1715896,215,70,AAA,2014J
1762,1721270,215,68,AAA,2014J
1762,1757766,214,75,AAA,2014J
1762,1773377,216,74,AAA,2014J
1762,1799111,214,78,AAA,2014J
1762,1926668,213,58,AAA,2014J
1762,1947156,211,83,AAA,2014J
1762,1967783,214,62,AAA,2014J
1762,1970390,-1,80,AAA,2014J
1762,1975209,213,70,AAA,2014J
1762,2010232,215,86,AAA,2014J
1762,2057803,210,53,AAA,2014J
1762,2073016,215,50,AAA,2014J
1762,2085209,215,90,AAA,2014J
1762,2086400,214,75,AAA,2014J
1762,2139353,217,66,AAA,2014J
1762,2148681,215,78,AAA,2014J
1762,2165164,214,60,AAA,2014J
1762,2240349,212,79,AAA,2014J
1762,2244332,215,86,AAA,2014J
1762,2277857,212,68,AAA,2014J
1762,2297896,214,74,AAA,2014J
1762,2318055,215,77,AAA,2014J
1762,2330254,212,71,AAA,2014J
1762,2355470,208,48,AAA,2014J
1762,2358969,214,79,AAA,2014J
1762,2363863,214,87,AAA,2014J
1762,2375975,215,76,AAA,2014J
1762,2397661,215,60,AAA,2014J
1762,2398313,215,70,AAA,2014J
1762,2425993,215,62,AAA,2014J
1762,2432796,215,63,AAA,2014J
1762,2434159,216,44,AAA,2014J
1762,2467267,215,78,AAA,2014J
1762,2473538,220,54,AAA,2014J
1762,2494700,215,88,AAA,2014J
1762,2500258,214,79,AAA,2014J
1762,2509639,215,73,AAA,2014J
1762,2514368,226,90,AAA,2014J
1762,2514898,215,83,AAA,2014J
1762,2521865,215,48,AAA,2014J
1762,2522927,210,66,AAA,2014J
1762,2551797,214,74,AAA,2014J
1762,2569324,218,80,AAA,2014J
1762,2574990,215,61,AAA,2014J
1762,2578676,215,71,AAA,2014J
1762,2581477,215,42,AAA,2014J
1762,2584873,216,61,AAA,2014J
1762,2595841,215,53,AAA,2014J
1762,2596621,213,79,AAA,2014J
1762,2601889,215,77,AAA,2014J
1762,2624961,215,63,AAA,2014J
1762,2633226,215,65,AAA,2014J
1762,2642616,215,60,AAA,2014J
1762,2642935,212,83,AAA,2014J
1762,2648611,213,80,AAA,2014J
1762,2649800,222,77,AAA,2014J
1762,2654628,216,74,AAA,2014J
1762,2677624,215,79,AAA,2014J
1762,2680312,220,85,AAA,2014J
1762,2688166,214,46,AAA,2014J
1762,2692514,215,74,AAA,2014J
